﻿ClassId,Lecturer
1,Gemma OCallaghan
2,Sharon Boyle
3,Sharon Boyle
4,Sharon Boyle
5,Patrick Mannion
6,Patrick Mannion
7,Sharon Boyle
8,John Farrell
9,Sharon Boyle
10,Gemma OCallaghan
11,Gemma OCallaghan
12,Deirdre ODonovan
13,Patrick Mannion
14,Gemma OCallaghan
15,John Farrell
16,John Farrell
17,Sharon Boyle
18,Sharon Boyle
19,Patrick Mannion
20,Deirdre ODonovan
21,Annette Cosgrove
22,Deirdre ODonovan
23,Micheal Jackson
24,Deirdre ODonovan
25,Annette Cosgrove
26,Micheal Jackson
27,Annette Cosgrove
28,Deirdre ODonovan
29,Annette Cosgrove
30,Micheal Jackson
31,Deirdre ODonovan
32,Micheal Jackson
33,Deirdre ODonovan
34,Annette Cosgrove
35,Deirdre ODonovan
36,Micheal Jackson
37,Micheal Jackson
38,Deirdre ODonovan
39,Andrew Beatty
40,John Farrell
41,John Farrell
42,Andrew Beatty
43,Laura Hegarty
44,Patrick Mannion
45,John Farrell
46,John Farrell
47,Patrick Mannion
48,John Farrell
49,Patrick Mannion
50,Andrew Beatty
51,John Farrell
52,Patrick Mannion
53,John Farrell
54,Laura Hegarty
55,John Farrell
56,Andrew Beatty
57,John Farrell
58,Gemma OCallaghan
59,Gemma OCallaghan
60,Gemma OCallaghan
61,John Farrell
62,Andrew Beatty
63,Laura Hegarty
64,John Farrell
65,John Farrell
66,John Farrell
67,John Farrell
68,John Farrell
69,Andrew Beatty
70,Andrew Beatty
71,John Farrell
72,Laura Hegarty
73,Andrew Beatty
74,John Farrell
75,Gemma OCallaghan
76,Gemma OCallaghan
77,Gemma OCallaghan
78,John Farrell
79,Daniel Craigg
80,Martin Hynes
81,Sharon Boyle
82,Annette Cosgrove
83,Sharon Boyle
84,John Farrell
85,Daniel Craigg
86,Annette Cosgrove
87,Martin Hynes
88,Sharon Boyle
89,Annette Cosgrove
90,John Farrell
91,Sharon Boyle
92,Ian McLoughlin
93,John Healy
94,Ian McLoughlin
95,Naomi Hurley
96,John Healy
97,Garret Johnson
98,John Farrell
99,Brain Mc Ginley
100,John Farrell
101,John Farrell
102,Naomi Hurley
103,Ian McLoughlin
104,John Farrell
105,Brain Mc Ginley
106,John Healy
107,John Healy
108,Naomi Hurley
109,Brain Mc Ginley
110,John Farrell
111,Brain Mc Ginley
112,Garret Johnson
113,Ian McLoughlin
114,John Farrell
115,Ian McLoughlin
116,Naomi Hurley
117,John Healy
118,John Farrell
119,John Healy
120,Garret Johnson
121,Brain Mc Ginley
122,Brain Mc Ginley
123,Brain Mc Ginley
124,Naomi Hurley
125,Brain Mc Ginley
126,Brain Mc Ginley
127,John Farrell
128,John Farrell
129,Brain Mc Ginley
130,Ian McLoughlin
131,John Healy
132,John Farrell
133,John Farrell
134,Deirdre ODonovan
135,Damien Costello
136,Naomi Hurley
137,John Healy
138,Damien Costello
139,Damien Costello
140,John Healy
141,Annette Cosgrove
142,Daniel Craigg
143,Naomi Hurley
144,Damien Costello
145,Gerard Harrison
146,Daniel Craigg
147,Ian McLoughlin
148,Damien Costello
149,Deirdre ODonovan
150,Annette Cosgrove
151,John Healy
152,Damien Costello
153,Naomi Hurley
154,Damien Costello
155,John Healy
156,Damien Costello
157,Annette Cosgrove
158,Annette Cosgrove
159,Damien Costello
160,Damien Costello
161,Deirdre ODonovan
162,Deirdre ODonovan
163,Naomi Hurley
164,Ian McLoughlin
165,Martin Hynes
166,Deirdre ODonovan
167,Damien Costello
168,Gerard Harrison
169,Deirdre ODonovan
170,Martin Hynes
171,Damien Costello
172,Martin Hynes
173,Gerard Harrison
174,Deirdre ODonovan
175,Ian McLoughlin
176,Ian McLoughlin
177,Ian McLoughlin
178,Damien Costello
179,Gerard Harrison
180,Martin Hynes
181,Martin Hynes
182,Deirdre ODonovan
183,Damien Costello
184,Damien Costello
185,Gerard Harrison
186,Deirdre ODonovan
187,Deirdre ODonovan
188,Ian McLoughlin
189,Daniel Craigg
190,Daniel Craigg
191,Ian McLoughlin
192,Gerard Harrison
193,Ian McLoughlin
194,Ian McLoughlin
195,Daniel Craigg
196,Ian McLoughlin
197,Daniel Craigg
198,Ian McLoughlin
199,Martin Hynes
200,Martin Hynes
201,Ian McLoughlin
202,Gerard Harrison
203,Martin Hynes
204,Gerard Harrison
205,Gerard Harrison
